{"stats":{"minecraft:killed":{"minecraft:cave_spider":1,"minecraft:spider":9,"minecraft:skeleton":18,"minecraft:chicken":2,"minecraft:pig":4,"minecraft:zombie_villager":2,"minecraft:salmon":3,"minecraft:creeper":3,"minecraft:sheep":8,"minecraft:trader_llama":2,"minecraft:pillager":10,"minecraft:zombie":29,"alexsmobs:terrapin":1,"alexsmobs:fly":1,"minecraft:cow":1,"alexsmobs:bison":1,"minecraft:wandering_trader":1},"minecraft:mined":{"minecraft:large_amethyst_bud":3,"minecraft:brewing_stand":1,"minecraft:granite":38,"minecraft:budding_amethyst":6,"minecraft:grass_block":207,"minecraft:oxeye_daisy":1,"minecraft:spawner":2,"minecraft:raw_iron_block":1,"minecraft:cobbled_deepslate":9,"minecraft:iron_ore":31,"upgrade_aquatic:mulberry_vine":3,"minecraft:fire":64,"minecraft:pumpkin":3,"minecraft:deepslate_lapis_ore":16,"minecraft:brown_bed":1,"minecraft:pointed_dripstone":1,"minecraft:oak_stairs":2,"minecraft:small_amethyst_bud":2,"upgrade_aquatic:pickerelweed":1,"minecraft:deepslate_redstone_ore":73,"minecraft:medium_amethyst_bud":2,"minecraft:amethyst_cluster":5,"minecraft:torch":4,"minecraft:blast_furnace":3,"minecraft:calcite":7,"minecraft:poppy":1,"upgrade_aquatic:stripped_river_log":2,"minecraft:chest":1,"supplementaries:wild_flax":1,"upgrade_aquatic:river_stairs":45,"minecraft:cobblestone":7,"minecraft:oak_planks":102,"minecraft:wall_torch":36,"minecraft:amethyst_block":65,"minecraft:birch_log":1,"minecraft:pumpkin_stem":3,"minecraft:grass":146,"minecraft:oak_log":99,"minecraft:sand":13,"minecraft:dirt":115,"minecraft:smooth_basalt":4,"minecraft:stonecutter":2,"minecraft:netherrack":17,"minecraft:oak_leaves":38,"minecraft:deepslate":642,"alexscaves:spelunkery_table":2,"minecraft:diamond_ore":1,"minecraft:tuff":90,"upgrade_aquatic:river_log":39,"minecraft:deepslate_diamond_ore":25,"minecraft:candle":2,"minecraft:stone_button":1,"minecraft:hay_block":13,"farmersdelight:wild_onions":1,"supplementaries:rope":2,"minecraft:redstone_ore":4,"minecraft:furnace":3,"minecraft:andesite":49,"neapolitan:banana_stalk":4,"minecraft:gold_block":1,"minecraft:bookshelf":4,"minecraft:potatoes":8,"farmersdelight:rope":11,"minecraft:deepslate_iron_ore":149,"minecraft:rail":1,"upgrade_aquatic:tall_pickerelweed":3,"securitycraft:cobblestone_mine":9,"minecraft:stone":580,"upgrade_aquatic:river_planks":17,"minecraft:oak_slab":16,"neapolitan:strawberry_bush":2,"minecraft:dandelion":1,"minecraft:oak_fence":2,"minecraft:crafting_table":5,"minecraft:cornflower":1,"minecraft:tall_grass":35,"minecraft:lapis_ore":14,"minecraft:deepslate_gold_ore":80,"minecraft:diorite":65,"upgrade_aquatic:river_leaves":7,"supplementaries:urn":29,"farmersdelight:skillet":1,"minecraft:yellow_bed":6,"securitycraft:dirt_mine":3,"upgrade_aquatic:flowering_rush":1,"minecraft:coal_ore":19,"minecraft:gravel":27,"farmersdelight:stove":1,"minecraft:cobweb":17,"minecraft:gold_ore":1},"minecraft:dropped":{"farmersdelight:iron_knife":1,"minecraft:cooked_beef":7,"minecraft:diamond":1,"minecraft:crafting_table":2,"farmersdelight:cooked_bacon":1,"minecraft:flint":1,"minecraft:stone_button":8,"minecraft:cornflower":1,"minecraft:wooden_sword":4,"alexscaves:cave_map":4,"minecraft:bone_meal":64,"minecraft:iron_pickaxe":1,"minecraft:oak_door":1,"minecraft:gravel":11,"minecraft:cobbled_deepslate":115,"alexsmobs:animal_dictionary":1,"alexscaves:cave_tablet":14,"minecraft:rotten_flesh":15,"minecraft:oak_planks":14,"upgrade_aquatic:river_stairs":2,"securitycraft:keypad_item":1,"supplementaries:antique_ink":6,"minecraft:poppy":1,"supplementaries:flax_seeds":8,"supplementaries:ash":6,"minecraft:skeleton_skull":2,"farmersdelight:rope":2,"minecraft:arrow":1,"neapolitan:banana_stalk":4,"minecraft:iron_ingot":8,"minecraft:bread":2,"minecraft:wheat_seeds":5,"neapolitan:strawberry_pips":2,"minecraft:mossy_cobblestone":1,"minecraft:cobblestone":346,"minecraft:granite":31,"minecraft:oxeye_daisy":3,"minecraft:diorite":16,"upgrade_aquatic:river_planks":4,"minecraft:zombie_head":2,"minecraft:fire_charge":2,"minecraft:iron_axe":1,"minecraft:paper":10,"minecraft:redstone_block":79,"minecraft:dandelion":1,"minecraft:redstone":6,"alexsmobs:maggot":2,"minecraft:tuff":76,"farmersdelight:straw":2,"minecraft:glass_pane":12,"minecraft:pumpkin_seeds":43,"upgrade_aquatic:river_sapling":4,"securitycraft:universal_block_remover":1,"minecraft:potato":8,"minecraft:andesite":22,"securitycraft:universal_block_reinforcer_lvl1":1,"minecraft:calcite":9},"minecraft:broken":{"minecraft:iron_shovel":1,"minecraft:iron_sword":1,"minecraft:flint_and_steel":1,"minecraft:golden_axe":1,"minecraft:iron_axe":2,"minecraft:iron_pickaxe":4},"minecraft:custom":{"minecraft:animals_bred":1,"minecraft:interact_with_crafting_table":231,"minecraft:open_barrel":5,"minecraft:bell_ring":1,"minecraft:leave_game":12,"minecraft:time_since_death":124937,"minecraft:sprint_one_cm":1611180,"minecraft:damage_blocked_by_shield":1740,"minecraft:drop":195,"minecraft:talked_to_villager":5,"minecraft:play_time":580698,"minecraft:deaths":4,"minecraft:jump":9486,"minecraft:walk_on_water_one_cm":49329,"minecraft:interact_with_furnace":125,"minecraft:interact_with_loom":5,"minecraft:sleep_in_bed":20,"minecraft:damage_dealt":17833,"minecraft:crouch_one_cm":8404,"tombstone:undead_killed":49,"tombstone:villager_killed":1,"minecraft:horse_one_cm":2587,"minecraft:interact_with_anvil":3,"minecraft:mob_kills":99,"minecraft:climb_one_cm":4229,"minecraft:walk_one_cm":1265847,"minecraft:sneak_time":4023,"minecraft:walk_under_water_one_cm":23509,"minecraft:boat_one_cm":150852,"minecraft:interact_with_blast_furnace":48,"minecraft:total_world_time":580698,"tombstone:raider_killed":10,"minecraft:raid_trigger":1,"minecraft:time_since_rest":5271,"minecraft:damage_absorbed":20,"minecraft:damage_taken":6656,"minecraft:swim_one_cm":92904,"minecraft:fly_one_cm":1899964,"minecraft:open_chest":209,"minecraft:fish_caught":6,"minecraft:fall_one_cm":208415},"minecraft:crafted":{"minecraft:brick":35,"minecraft:oak_planks":364,"minecraft:stone":24,"securitycraft:keypad_item":3,"farmersdelight:rope":4,"minecraft:heavy_weighted_pressure_plate":3,"securitycraft:laser_block":2,"minecraft:glass":22,"minecraft:iron_boots":1,"minecraft:chest":13,"minecraft:bricks":5,"minecraft:magenta_dye":2,"farmersdelight:stove":1,"minecraft:oak_slab":42,"minecraft:crafting_table":7,"minecraft:iron_helmet":1,"upgrade_aquatic:river_stairs":72,"minecraft:pumpkin_seeds":12,"minecraft:birch_planks":4,"minecraft:campfire":1,"farmersdelight:skillet":1,"minecraft:wooden_hoe":1,"minecraft:iron_chestplate":1,"minecraft:diamond_pickaxe":1,"minecraft:charcoal":7,"minecraft:stick":72,"minecraft:iron_ingot":154,"minecraft:iron_pickaxe":3,"minecraft:iron_block":12,"minecraft:gold_ingot":62,"minecraft:shears":1,"securitycraft:universal_block_reinforcer_lvl1":2,"minecraft:wooden_sword":2,"minecraft:oak_door":3,"minecraft:magenta_wool":2,"minecraft:redstone":9,"minecraft:fishing_rod":1,"minecraft:furnace":5,"minecraft:stone_button":24,"minecraft:bone_meal":72,"minecraft:pink_dye":2,"minecraft:glass_pane":32,"minecraft:flint_and_steel":1,"minecraft:iron_axe":3,"securitycraft:universal_block_remover":1,"minecraft:redstone_block":40,"minecraft:wheat":117,"upgrade_aquatic:river_planks":148,"securitycraft:cobblestone_mine":5,"minecraft:bread":39,"minecraft:air":0,"securitycraft:dirt_mine":3,"minecraft:oak_boat":3,"minecraft:iron_shovel":2,"minecraft:iron_leggings":1,"minecraft:anvil":1,"minecraft:torch":182,"minecraft:lapis_block":21},"minecraft:killed_by":{"minecraft:pillager":1,"minecraft:player":1},"minecraft:picked_up":{"minecraft:redstone_block":159,"minecraft:lead":6,"minecraft:oak_stairs":2,"alexscaves:cave_tablet":12,"minecraft:brown_bed":1,"minecraft:enchanted_book":4,"minecraft:brewing_stand":1,"minecraft:amethyst_block":132,"minecraft:lapis_block":42,"minecraft:string":49,"upgrade_aquatic:river_sapling":17,"minecraft:zombie_head":7,"upgrade_aquatic:river_log":39,"minecraft:cobbled_deepslate":590,"minecraft:calcite":18,"upgrade_aquatic:river_planks":20,"minecraft:iron_pickaxe":2,"upgrade_aquatic:mulberry":13,"neapolitan:strawberry_pips":4,"minecraft:furnace":3,"minecraft:stick":10,"minecraft:torch":119,"minecraft:porkchop":11,"minecraft:pointed_dripstone":2,"tombstone:grave_dust":7,"minecraft:diorite":75,"farmersdelight:fried_egg":4,"minecraft:rotten_flesh":26,"farmersdelight:onion":1,"securitycraft:reinforced_cobbled_deepslate":6,"supplementaries:antique_ink":5,"minecraft:iron_block":18,"farmersdelight:rope":73,"supplementaries:ash":77,"minecraft:cod":4,"upgrade_aquatic:stripped_river_log":2,"minecraft:cobblestone":795,"minecraft:birch_log":1,"minecraft:feather":4,"minecraft:cooked_beef":16,"minecraft:andesite":33,"minecraft:potato":31,"alexscaves:cave_book":2,"farmersdelight:bacon":8,"alexsmobs:bison_fur":2,"minecraft:flint":3,"minecraft:tuff":90,"upgrade_aquatic:flowering_rush":1,"supplementaries:flax_seeds":14,"farmersdelight:cooked_bacon":23,"minecraft:lapis_lazuli":192,"minecraft:dirt":418,"minecraft:name_tag":3,"securitycraft:reinforced_stone_button":24,"minecraft:bone":50,"farmersdelight:iron_knife":1,"minecraft:stonecutter":3,"minecraft:wheat_seeds":21,"securitycraft:cobblestone_mine":9,"minecraft:raw_gold":81,"minecraft:oak_planks":202,"securitycraft:mine":54,"minecraft:cooked_porkchop":3,"securitycraft:dirt_mine":3,"minecraft:sand":13,"alexsmobs:animal_dictionary":1,"minecraft:mossy_cobblestone":1,"neapolitan:strawberries":2,"securitycraft:universal_block_remover":1,"minecraft:diamond":71,"minecraft:crossbow":1,"minecraft:granite":37,"minecraft:bread":45,"alexsmobs:maggot":2,"minecraft:oak_sapling":3,"minecraft:netherrack":16,"minecraft:oak_leaves":1,"minecraft:allium":2,"minecraft:crafting_table":7,"minecraft:chicken":4,"minecraft:gold_block":1,"tombstone:scroll_of_preservation":1,"minecraft:shield":1,"minecraft:cornflower":1,"minecraft:iron_axe":1,"minecraft:wooden_sword":2,"neapolitan:banana_frond":21,"minecraft:glass_pane":12,"supplementaries:bomb":3,"farmersdelight:beef_patty":8,"minecraft:candle":2,"minecraft:beef":9,"farmersdelight:straw":4,"minecraft:oak_boat":3,"upgrade_aquatic:pickerelweed":8,"minecraft:iron_nugget":9,"minecraft:poppy":1,"minecraft:light_gray_wool":2,"supplementaries:rope":34,"minecraft:chest":1,"minecraft:egg":2,"minecraft:raw_iron":189,"minecraft:oak_door":2,"minecraft:fire_charge":2,"minecraft:stone_button":1,"minecraft:redstone":372,"neapolitan:banana_stalk":4,"minecraft:arrow":25,"minecraft:hay_block":13,"alexscaves:spelunkery_table":2,"minecraft:gold_ingot":87,"minecraft:rail":1,"minecraft:mutton":13,"minecraft:skeleton_skull":9,"minecraft:white_wool":6,"minecraft:oxeye_daisy":3,"minecraft:salmon":4,"minecraft:leather":22,"minecraft:oak_log":97,"securitycraft:keypad_chest":5,"minecraft:yellow_bed":6,"minecraft:gunpowder":6,"farmersdelight:skillet":1,"minecraft:paper":33,"minecraft:white_banner":1,"minecraft:cooked_mutton":8,"minecraft:apple":31,"minecraft:iron_ingot":58,"minecraft:cooked_chicken":1,"securitycraft:universal_block_reinforcer_lvl1":2,"minecraft:iron_sword":1,"minecraft:book":50,"minecraft:oak_slab":16,"minecraft:smooth_basalt":6,"minecraft:pumpkin":3,"minecraft:dandelion":1,"minecraft:raw_iron_block":1,"minecraft:gravel":25,"minecraft:amethyst_shard":72,"upgrade_aquatic:river_stairs":52,"minecraft:blast_furnace":3,"minecraft:spider_eye":2,"minecraft:pumpkin_seeds":39,"alexscaves:cave_map":4,"minecraft:baked_potato":11,"tombstone:magic_scroll":5,"farmersdelight:stove":1,"minecraft:coal":90},"minecraft:used":{"upgrade_aquatic:river_planks":29,"neapolitan:strawberries":34,"minecraft:iron_shovel":348,"minecraft:chest":14,"minecraft:shield":59,"farmersdelight:stove":3,"minecraft:iron_sword":267,"minecraft:rotten_flesh":6,"minecraft:iron_chestplate":1,"tombstone:scroll_of_preservation":2,"minecraft:mutton":6,"securitycraft:keypad_item":2,"minecraft:tuff":14,"minecraft:iron_helmet":1,"minecraft:golden_sword":1,"minecraft:oak_sapling":1,"minecraft:furnace":8,"minecraft:egg":1,"minecraft:potato":24,"minecraft:diorite":7,"upgrade_aquatic:mulberry":5,"minecraft:oak_planks":136,"minecraft:golden_apple":1,"minecraft:oak_leaves":1,"minecraft:white_wool":1,"minecraft:glow_berries":44,"alexscaves:cave_book":1,"minecraft:blast_furnace":3,"minecraft:crossbow":12,"securitycraft:universal_block_remover":5,"minecraft:pumpkin_seeds":4,"upgrade_aquatic:river_sapling":10,"minecraft:bread":58,"minecraft:stone_button":1,"minecraft:gravel":4,"securitycraft:mine":2,"minecraft:fire_charge":1,"minecraft:wooden_sword":58,"minecraft:andesite":10,"minecraft:oak_boat":6,"minecraft:bone_meal":8,"minecraft:flint_and_steel":64,"securitycraft:keypad_chest":5,"minecraft:cooked_chicken":1,"minecraft:netherrack":16,"minecraft:oak_door":3,"minecraft:torch":357,"minecraft:brewing_stand":1,"minecraft:dirt":269,"minecraft:anvil":1,"minecraft:granite":6,"farmersdelight:rope":11,"farmersdelight:beef_patty":8,"neapolitan:strawberry_scones":9,"minecraft:iron_axe":517,"minecraft:iron_boots":1,"alexscaves:spelunkery_table":2,"neapolitan:strawberry_pips":2,"securitycraft:dirt_mine":6,"tombstone:gift":6,"farmersdelight:fried_egg":4,"minecraft:cooked_beef":9,"minecraft:brown_bed":1,"minecraft:cobbled_deepslate":33,"minecraft:golden_axe":21,"minecraft:iron_leggings":1,"minecraft:wheat_seeds":10,"minecraft:cooked_mutton":8,"farmersdelight:iron_knife":16,"farmersdelight:skillet":4,"minecraft:baked_potato":3,"minecraft:stonecutter":2,"minecraft:salmon":2,"securitycraft:cobblestone_mine":14,"farmersdelight:onion":2,"minecraft:oak_slab":51,"minecraft:crafting_table":12,"supplementaries:bomb":6,"minecraft:spider_eye":1,"upgrade_aquatic:river_stairs":109,"minecraft:wooden_hoe":8,"minecraft:diamond_pickaxe":1117,"minecraft:apple":1,"minecraft:chicken":2,"minecraft:iron_pickaxe":993,"tombstone:magic_scroll":6,"supplementaries:rope":2,"minecraft:fishing_rod":7,"farmersdelight:cooked_bacon":22,"minecraft:cobblestone":77,"minecraft:porkchop":2,"minecraft:white_banner":1,"minecraft:cooked_porkchop":3,"minecraft:glass_pane":6,"minecraft:yellow_bed":6,"alexsmobs:animal_dictionary":3,"minecraft:candle":2}},"DataVersion":3465}