{"stats":{"minecraft:killed":{"minecraft:cave_spider":1,"minecraft:spider":7,"minecraft:skeleton":16,"minecraft:chicken":2,"minecraft:pig":2,"minecraft:zombie_villager":2,"minecraft:salmon":3,"minecraft:creeper":3,"minecraft:sheep":8,"minecraft:trader_llama":2,"minecraft:pillager":10,"minecraft:zombie":29,"minecraft:cow":1,"alexsmobs:bison":1,"minecraft:wandering_trader":1},"minecraft:mined":{"minecraft:large_amethyst_bud":3,"minecraft:granite":38,"minecraft:budding_amethyst":6,"minecraft:grass_block":181,"minecraft:spawner":2,"minecraft:raw_iron_block":1,"minecraft:cobbled_deepslate":9,"minecraft:iron_ore":25,"upgrade_aquatic:mulberry_vine":3,"minecraft:fire":41,"minecraft:pumpkin":1,"minecraft:deepslate_lapis_ore":16,"minecraft:brown_bed":1,"minecraft:pointed_dripstone":1,"minecraft:oak_stairs":2,"minecraft:small_amethyst_bud":2,"upgrade_aquatic:pickerelweed":1,"minecraft:deepslate_redstone_ore":73,"minecraft:medium_amethyst_bud":2,"minecraft:amethyst_cluster":5,"minecraft:torch":4,"minecraft:blast_furnace":2,"minecraft:calcite":7,"supplementaries:wild_flax":1,"upgrade_aquatic:river_stairs":9,"minecraft:cobblestone":7,"minecraft:oak_planks":73,"minecraft:wall_torch":36,"minecraft:amethyst_block":65,"minecraft:birch_log":1,"minecraft:grass":56,"minecraft:oak_log":80,"minecraft:sand":13,"minecraft:dirt":111,"minecraft:smooth_basalt":4,"minecraft:stonecutter":1,"minecraft:netherrack":17,"minecraft:oak_leaves":9,"minecraft:deepslate":642,"alexscaves:spelunkery_table":1,"minecraft:diamond_ore":1,"minecraft:tuff":90,"upgrade_aquatic:river_log":29,"minecraft:deepslate_diamond_ore":25,"minecraft:candle":2,"minecraft:stone_button":1,"farmersdelight:wild_onions":1,"supplementaries:rope":2,"minecraft:redstone_ore":4,"minecraft:furnace":2,"minecraft:andesite":49,"neapolitan:banana_stalk":4,"minecraft:bookshelf":4,"minecraft:potatoes":6,"minecraft:deepslate_iron_ore":149,"minecraft:rail":1,"upgrade_aquatic:tall_pickerelweed":3,"securitycraft:cobblestone_mine":9,"minecraft:stone":571,"minecraft:oak_slab":16,"neapolitan:strawberry_bush":2,"minecraft:oak_fence":2,"minecraft:crafting_table":4,"minecraft:tall_grass":13,"minecraft:lapis_ore":14,"minecraft:deepslate_gold_ore":80,"minecraft:diorite":65,"upgrade_aquatic:river_leaves":6,"supplementaries:urn":29,"minecraft:yellow_bed":4,"securitycraft:dirt_mine":3,"upgrade_aquatic:flowering_rush":1,"minecraft:coal_ore":19,"minecraft:gravel":27,"minecraft:cobweb":17,"minecraft:gold_ore":1},"minecraft:dropped":{"minecraft:cooked_beef":7,"minecraft:diamond":1,"minecraft:crafting_table":1,"farmersdelight:cooked_bacon":1,"minecraft:flint":1,"minecraft:stone_button":8,"minecraft:wooden_sword":4,"alexscaves:cave_map":4,"minecraft:iron_pickaxe":1,"minecraft:oak_door":1,"minecraft:gravel":11,"minecraft:cobbled_deepslate":115,"alexsmobs:animal_dictionary":1,"alexscaves:cave_tablet":14,"minecraft:rotten_flesh":15,"minecraft:oak_planks":13,"securitycraft:keypad_item":1,"supplementaries:antique_ink":2,"supplementaries:flax_seeds":8,"supplementaries:ash":6,"minecraft:arrow":1,"neapolitan:banana_stalk":4,"minecraft:iron_ingot":8,"minecraft:bread":1,"minecraft:wheat_seeds":4,"neapolitan:strawberry_pips":2,"minecraft:mossy_cobblestone":1,"minecraft:cobblestone":238,"minecraft:granite":31,"minecraft:diorite":16,"minecraft:zombie_head":2,"minecraft:iron_axe":1,"minecraft:paper":10,"minecraft:redstone_block":1,"minecraft:redstone":6,"minecraft:tuff":76,"minecraft:glass_pane":12,"minecraft:pumpkin_seeds":4,"upgrade_aquatic:river_sapling":4,"minecraft:potato":8,"minecraft:andesite":22,"securitycraft:universal_block_reinforcer_lvl1":1,"minecraft:calcite":9},"minecraft:custom":{"minecraft:interact_with_crafting_table":210,"minecraft:open_barrel":5,"minecraft:bell_ring":1,"minecraft:leave_game":10,"minecraft:time_since_death":24690,"minecraft:sprint_one_cm":1398630,"minecraft:damage_blocked_by_shield":1740,"minecraft:drop":135,"minecraft:talked_to_villager":5,"minecraft:play_time":480451,"minecraft:deaths":4,"minecraft:jump":7981,"minecraft:walk_on_water_one_cm":43193,"minecraft:interact_with_furnace":125,"minecraft:interact_with_loom":5,"minecraft:sleep_in_bed":11,"minecraft:damage_dealt":16886,"minecraft:crouch_one_cm":2695,"tombstone:undead_killed":47,"tombstone:villager_killed":1,"minecraft:mob_kills":90,"minecraft:climb_one_cm":2490,"minecraft:walk_one_cm":997315,"minecraft:sneak_time":1826,"minecraft:walk_under_water_one_cm":22528,"minecraft:boat_one_cm":150852,"minecraft:interact_with_blast_furnace":46,"minecraft:total_world_time":480451,"tombstone:raider_killed":10,"minecraft:raid_trigger":1,"minecraft:time_since_rest":1588,"minecraft:damage_taken":6199,"minecraft:damage_absorbed":20,"minecraft:swim_one_cm":77851,"minecraft:fly_one_cm":1551845,"minecraft:open_chest":133,"minecraft:fall_one_cm":167311},"minecraft:broken":{"minecraft:iron_shovel":1,"minecraft:iron_sword":1,"minecraft:flint_and_steel":1,"minecraft:iron_axe":2,"minecraft:iron_pickaxe":4},"minecraft:crafted":{"minecraft:brick":35,"minecraft:oak_planks":288,"minecraft:stone":24,"securitycraft:keypad_item":3,"minecraft:heavy_weighted_pressure_plate":3,"securitycraft:laser_block":2,"minecraft:glass":22,"minecraft:iron_boots":1,"minecraft:chest":6,"minecraft:bricks":5,"minecraft:magenta_dye":2,"farmersdelight:stove":1,"minecraft:oak_slab":18,"minecraft:crafting_table":7,"minecraft:iron_helmet":1,"upgrade_aquatic:river_stairs":48,"minecraft:birch_planks":4,"minecraft:pumpkin_seeds":4,"minecraft:campfire":1,"farmersdelight:skillet":1,"minecraft:wooden_hoe":1,"minecraft:iron_chestplate":1,"minecraft:diamond_pickaxe":1,"minecraft:charcoal":7,"minecraft:stick":64,"minecraft:iron_ingot":145,"minecraft:iron_pickaxe":3,"minecraft:iron_block":9,"minecraft:gold_ingot":62,"minecraft:shears":1,"securitycraft:universal_block_reinforcer_lvl1":2,"minecraft:wooden_sword":2,"minecraft:oak_door":3,"minecraft:magenta_wool":2,"minecraft:redstone":9,"minecraft:furnace":5,"minecraft:stone_button":24,"minecraft:bone_meal":6,"minecraft:pink_dye":2,"minecraft:glass_pane":32,"minecraft:flint_and_steel":1,"minecraft:iron_axe":2,"securitycraft:universal_block_remover":1,"minecraft:redstone_block":40,"upgrade_aquatic:river_planks":100,"securitycraft:cobblestone_mine":5,"minecraft:air":0,"securitycraft:dirt_mine":3,"minecraft:oak_boat":3,"minecraft:iron_shovel":2,"minecraft:iron_leggings":1,"minecraft:torch":182,"minecraft:lapis_block":21},"minecraft:killed_by":{"minecraft:pillager":1,"minecraft:player":1},"minecraft:picked_up":{"minecraft:redstone_block":42,"minecraft:lead":2,"minecraft:oak_stairs":2,"alexscaves:cave_tablet":5,"minecraft:brown_bed":1,"minecraft:enchanted_book":1,"minecraft:amethyst_block":132,"minecraft:lapis_block":21,"minecraft:string":24,"upgrade_aquatic:river_sapling":15,"minecraft:zombie_head":5,"upgrade_aquatic:river_log":29,"minecraft:cobbled_deepslate":590,"minecraft:calcite":18,"minecraft:iron_pickaxe":2,"upgrade_aquatic:mulberry":13,"neapolitan:strawberry_pips":4,"minecraft:furnace":2,"minecraft:stick":10,"minecraft:torch":119,"minecraft:porkchop":7,"minecraft:pointed_dripstone":2,"tombstone:grave_dust":7,"minecraft:diorite":75,"farmersdelight:fried_egg":4,"minecraft:rotten_flesh":26,"farmersdelight:onion":1,"securitycraft:reinforced_cobbled_deepslate":6,"supplementaries:antique_ink":2,"minecraft:iron_block":9,"supplementaries:ash":77,"minecraft:cobblestone":629,"minecraft:birch_log":1,"minecraft:feather":2,"minecraft:cooked_beef":16,"minecraft:andesite":33,"minecraft:potato":25,"alexscaves:cave_book":1,"alexsmobs:bison_fur":2,"minecraft:flint":3,"minecraft:tuff":90,"upgrade_aquatic:flowering_rush":1,"supplementaries:flax_seeds":14,"farmersdelight:cooked_bacon":15,"minecraft:lapis_lazuli":189,"minecraft:dirt":351,"securitycraft:reinforced_stone_button":24,"minecraft:bone":50,"minecraft:stonecutter":2,"minecraft:wheat_seeds":7,"securitycraft:cobblestone_mine":9,"minecraft:raw_gold":81,"minecraft:oak_planks":173,"minecraft:cooked_porkchop":3,"securitycraft:dirt_mine":3,"minecraft:sand":13,"alexsmobs:animal_dictionary":1,"minecraft:mossy_cobblestone":1,"neapolitan:strawberries":2,"minecraft:diamond":50,"minecraft:crossbow":1,"minecraft:granite":37,"minecraft:bread":43,"minecraft:oak_sapling":1,"minecraft:netherrack":16,"minecraft:oak_leaves":1,"minecraft:allium":2,"minecraft:crafting_table":5,"minecraft:chicken":3,"minecraft:shield":1,"minecraft:wooden_sword":2,"minecraft:iron_axe":1,"neapolitan:banana_frond":21,"minecraft:glass_pane":12,"supplementaries:bomb":3,"farmersdelight:beef_patty":8,"minecraft:candle":2,"minecraft:beef":9,"minecraft:oak_boat":3,"upgrade_aquatic:pickerelweed":8,"minecraft:iron_nugget":9,"minecraft:light_gray_wool":2,"supplementaries:rope":2,"minecraft:egg":2,"minecraft:raw_iron":183,"minecraft:oak_door":2,"minecraft:stone_button":1,"minecraft:redstone":368,"neapolitan:banana_stalk":4,"minecraft:arrow":23,"alexscaves:spelunkery_table":1,"minecraft:gold_ingot":25,"minecraft:white_wool":6,"minecraft:mutton":13,"minecraft:skeleton_skull":3,"minecraft:rail":1,"minecraft:salmon":2,"minecraft:leather":22,"minecraft:oak_log":78,"securitycraft:keypad_chest":2,"minecraft:yellow_bed":4,"minecraft:gunpowder":3,"minecraft:paper":9,"minecraft:white_banner":1,"minecraft:cooked_mutton":8,"minecraft:apple":16,"minecraft:iron_ingot":14,"minecraft:cooked_chicken":1,"securitycraft:universal_block_reinforcer_lvl1":1,"minecraft:iron_sword":1,"minecraft:book":31,"minecraft:oak_slab":16,"minecraft:smooth_basalt":6,"minecraft:pumpkin":1,"minecraft:raw_iron_block":1,"minecraft:gravel":25,"minecraft:amethyst_shard":48,"upgrade_aquatic:river_stairs":9,"minecraft:blast_furnace":2,"minecraft:spider_eye":1,"alexscaves:cave_map":4,"minecraft:baked_potato":11,"tombstone:magic_scroll":3,"minecraft:coal":83},"minecraft:used":{"upgrade_aquatic:river_planks":12,"neapolitan:strawberries":34,"minecraft:iron_shovel":309,"minecraft:chest":6,"minecraft:shield":59,"farmersdelight:stove":2,"minecraft:iron_sword":267,"minecraft:rotten_flesh":6,"minecraft:iron_chestplate":1,"tombstone:scroll_of_preservation":2,"minecraft:mutton":6,"securitycraft:keypad_item":2,"minecraft:tuff":14,"minecraft:iron_helmet":1,"minecraft:furnace":7,"minecraft:oak_sapling":1,"minecraft:egg":1,"minecraft:potato":21,"minecraft:diorite":7,"upgrade_aquatic:mulberry":5,"minecraft:oak_planks":68,"minecraft:oak_leaves":1,"minecraft:golden_apple":1,"minecraft:glow_berries":44,"alexscaves:cave_book":1,"minecraft:blast_furnace":2,"minecraft:crossbow":9,"securitycraft:universal_block_remover":2,"upgrade_aquatic:river_sapling":10,"minecraft:bread":47,"minecraft:stone_button":1,"minecraft:gravel":4,"securitycraft:mine":2,"minecraft:wooden_sword":58,"minecraft:andesite":10,"minecraft:oak_boat":6,"minecraft:bone_meal":8,"minecraft:flint_and_steel":64,"securitycraft:keypad_chest":2,"minecraft:cooked_chicken":1,"minecraft:netherrack":16,"minecraft:oak_door":3,"minecraft:torch":357,"minecraft:dirt":183,"minecraft:granite":6,"farmersdelight:beef_patty":8,"neapolitan:strawberry_scones":9,"minecraft:iron_axe":365,"minecraft:iron_boots":1,"alexscaves:spelunkery_table":1,"neapolitan:strawberry_pips":2,"securitycraft:dirt_mine":6,"tombstone:gift":6,"minecraft:cooked_beef":9,"minecraft:cobbled_deepslate":33,"farmersdelight:fried_egg":4,"minecraft:iron_leggings":1,"minecraft:cooked_mutton":8,"farmersdelight:skillet":3,"minecraft:baked_potato":1,"minecraft:stonecutter":1,"minecraft:salmon":2,"securitycraft:cobblestone_mine":14,"farmersdelight:onion":2,"minecraft:oak_slab":33,"minecraft:crafting_table":11,"supplementaries:bomb":6,"minecraft:spider_eye":1,"upgrade_aquatic:river_stairs":57,"minecraft:wooden_hoe":8,"minecraft:diamond_pickaxe":1091,"minecraft:apple":1,"minecraft:chicken":2,"minecraft:iron_pickaxe":993,"tombstone:magic_scroll":6,"supplementaries:rope":2,"farmersdelight:cooked_bacon":14,"minecraft:cobblestone":70,"minecraft:porkchop":2,"minecraft:white_banner":1,"minecraft:cooked_porkchop":3,"minecraft:yellow_bed":4,"alexsmobs:animal_dictionary":3,"minecraft:candle":2}},"DataVersion":3465}