{"stats":{"minecraft:killed":{"minecraft:zombified_piglin":1,"minecraft:witch":1,"minecraft:spider":3,"minecraft:skeleton":20,"minecraft:chicken":22,"minecraft:pig":4,"minecraft:sheep":8,"minecraft:pillager":1,"minecraft:zombie":23,"alexsmobs:raccoon":2,"minecraft:vindicator":1,"minecraft:horse":1,"alexsmobs:bison":1,"alexsmobs:emu":1,"alexsmobs:cockroach":2,"alexsmobs:gazelle":2,"alexsmobs:crow":1},"minecraft:crafted":{"minecraft:oak_planks":176,"minecraft:birch_boat":2,"minecraft:cooked_chicken":20,"minecraft:cobblestone_stairs":168,"minecraft:cooked_mutton":12,"minecraft:iron_boots":2,"minecraft:chest":2,"minecraft:cooked_porkchop":6,"minecraft:crafting_table":9,"minecraft:wooden_pickaxe":1,"minecraft:iron_helmet":2,"minecraft:copper_ingot":3,"minecraft:birch_planks":24,"minecraft:iron_chestplate":2,"minecraft:diamond_pickaxe":1,"minecraft:shield":3,"minecraft:stick":144,"minecraft:iron_ingot":123,"minecraft:iron_pickaxe":12,"minecraft:stone_sword":1,"minecraft:gold_ingot":36,"minecraft:shears":1,"minecraft:furnace":3,"minecraft:flint_and_steel":1,"securitycraft:universal_block_remover":1,"minecraft:stone_pickaxe":5,"minecraft:redstone_block":17,"minecraft:wheat":567,"minecraft:cooked_beef":6,"minecraft:iron_sword":3,"upgrade_aquatic:river_planks":16,"minecraft:bucket":1,"minecraft:stone_axe":1,"minecraft:bread":189,"minecraft:air":0,"minecraft:jungle_planks":28,"minecraft:iron_shovel":1,"minecraft:iron_leggings":2,"minecraft:white_bed":1,"minecraft:torch":328,"minecraft:lapis_block":20},"minecraft:custom":{"minecraft:interact_with_crafting_table":83,"minecraft:open_barrel":3,"minecraft:bell_ring":3,"minecraft:leave_game":24,"minecraft:time_since_death":32327,"minecraft:sprint_one_cm":876540,"minecraft:damage_blocked_by_shield":7634,"minecraft:drop":228,"minecraft:talked_to_villager":16,"minecraft:play_time":672914,"minecraft:deaths":5,"minecraft:interact_with_brewingstand":1,"minecraft:jump":12172,"minecraft:walk_on_water_one_cm":98020,"minecraft:interact_with_furnace":105,"minecraft:interact_with_loom":5,"minecraft:sleep_in_bed":25,"minecraft:damage_dealt":14153,"minecraft:player_kills":1,"minecraft:crouch_one_cm":10583,"tombstone:undead_killed":44,"minecraft:mob_kills":97,"minecraft:climb_one_cm":4467,"minecraft:walk_one_cm":1150706,"minecraft:sneak_time":5129,"minecraft:walk_under_water_one_cm":32590,"minecraft:boat_one_cm":254042,"minecraft:interact_with_blast_furnace":6,"minecraft:total_world_time":672914,"tombstone:raider_killed":3,"minecraft:interact_with_stonecutter":1,"minecraft:time_since_rest":12928,"minecraft:damage_taken":8026,"minecraft:swim_one_cm":31,"minecraft:fly_one_cm":1693461,"minecraft:open_chest":53,"minecraft:fall_one_cm":319348},"minecraft:picked_up":{"securitycraft:keypad_item":1,"minecraft:redstone_block":1,"alexscaves:cave_tablet":1,"minecraft:oak_stairs":3,"minecraft:brewing_stand":1,"minecraft:amethyst_block":85,"alexsmobs:gazelle_horn":2,"minecraft:string":3,"minecraft:raw_copper":11,"minecraft:zombie_head":1,"securitycraft:reinforced_dirt":138,"minecraft:gold_nugget":29,"alexsmobs:emu_feather":2,"upgrade_aquatic:river_log":4,"minecraft:cobbled_deepslate":786,"upgrade_aquatic:river_planks":1,"minecraft:iron_pickaxe":7,"alexsmobs:raccoon_tail":3,"upgrade_aquatic:mulberry":5,"neapolitan:strawberry_pips":15,"minecraft:furnace":3,"minecraft:torch":68,"minecraft:porkchop":6,"tombstone:grave_dust":7,"minecraft:diorite":142,"farmersdelight:fried_egg":1,"minecraft:rotten_flesh":24,"farmersdelight:onion":2,"securitycraft:reinforced_cobbled_deepslate":58,"supplementaries:ash":37,"minecraft:obsidian":14,"minecraft:cobblestone":1126,"minecraft:birch_log":6,"minecraft:feather":49,"minecraft:andesite":58,"minecraft:water_bucket":1,"minecraft:jungle_log":7,"minecraft:potato":1,"alexsmobs:bison_fur":1,"minecraft:flint":5,"minecraft:tuff":35,"farmersdelight:cooked_bacon":4,"minecraft:lapis_lazuli":180,"minecraft:dirt":186,"farmersdelight:mutton_chops":2,"securitycraft:reinforced_tuff":2,"minecraft:bone":13,"minecraft:wheat_seeds":29,"minecraft:raw_gold":33,"minecraft:oak_planks":206,"minecraft:sand":22,"minecraft:grass_block":1,"alexsmobs:animal_dictionary":1,"farmersdelight:cooked_mutton_chops":10,"minecraft:mossy_cobblestone":1,"neapolitan:strawberries":4,"securitycraft:universal_block_remover":2,"minecraft:diamond":7,"minecraft:granite":73,"minecraft:emerald":1,"minecraft:bread":32,"minecraft:oak_sapling":3,"minecraft:netherrack":3,"minecraft:oak_leaves":2,"minecraft:diamond_pickaxe":1,"minecraft:cocoa_beans":6,"minecraft:crafting_table":18,"minecraft:allium":6,"minecraft:chicken":21,"minecraft:wooden_pickaxe":1,"minecraft:oak_trapdoor":1,"minecraft:flint_and_steel":2,"minecraft:glass_pane":12,"farmersdelight:beef_patty":5,"minecraft:beef":6,"minecraft:oak_boat":1,"upgrade_aquatic:pickerelweed":4,"minecraft:iron_nugget":15,"minecraft:chest":1,"minecraft:egg":21,"minecraft:raw_iron":152,"minecraft:oak_door":5,"farmersdelight:minced_beef":5,"minecraft:stone_button":8,"minecraft:redstone":165,"minecraft:arrow":16,"minecraft:hay_block":63,"alexscaves:spelunkery_table":1,"minecraft:mutton":13,"minecraft:white_wool":13,"minecraft:oak_log":44,"minecraft:gunpowder":1,"minecraft:cobblestone_stairs":25,"minecraft:paper":6,"minecraft:white_banner":1,"alexsmobs:cockroach_wing_fragment":2,"minecraft:stone_pickaxe":1,"minecraft:iron_ingot":26,"securitycraft:universal_block_reinforcer_lvl1":1,"tombstone:bag_of_seeds":1,"minecraft:glass_bottle":2,"minecraft:iron_sword":6,"minecraft:milk_bucket":1,"minecraft:birch_boat":1,"minecraft:dandelion":3,"minecraft:torchflower_seeds":1,"minecraft:gravel":36,"minecraft:amethyst_shard":11,"minecraft:blast_furnace":1,"minecraft:white_bed":8,"securitycraft:reinforced_amethyst_block":18,"minecraft:stone_axe":1,"alexscaves:cave_map":5,"tombstone:magic_scroll":2,"minecraft:coal":184,"minecraft:ender_pearl":1},"minecraft:broken":{"minecraft:stone_pickaxe":2,"minecraft:iron_sword":1,"minecraft:flint_and_steel":1,"minecraft:shield":1,"minecraft:iron_pickaxe":9},"minecraft:used":{"upgrade_aquatic:river_planks":5,"neapolitan:strawberries":2,"minecraft:iron_shovel":107,"minecraft:chest":3,"minecraft:shield":279,"minecraft:iron_sword":360,"securitycraft:keypad_item":1,"minecraft:milk_bucket":1,"minecraft:obsidian":13,"minecraft:lava_bucket":20,"neapolitan:vanilla_fudge":7,"minecraft:furnace":6,"securitycraft:reinforced_tuff":2,"minecraft:egg":21,"minecraft:diorite":52,"upgrade_aquatic:mulberry":2,"minecraft:oak_planks":51,"minecraft:stone_pickaxe":365,"minecraft:wooden_pickaxe":18,"minecraft:blast_furnace":1,"securitycraft:universal_block_remover":14,"upgrade_aquatic:pickerelweed":4,"minecraft:bread":92,"securitycraft:reinforced_cobbled_deepslate":58,"minecraft:andesite":22,"minecraft:oak_boat":1,"securitycraft:reinforced_amethyst_block":18,"minecraft:stone_sword":101,"minecraft:flint_and_steel":63,"minecraft:cooked_chicken":20,"minecraft:oak_door":4,"minecraft:torch":295,"minecraft:brewing_stand":1,"minecraft:dirt":33,"minecraft:granite":61,"farmersdelight:beef_patty":1,"securitycraft:reinforced_dirt":138,"tombstone:gift":5,"minecraft:cooked_beef":6,"minecraft:cobbled_deepslate":500,"farmersdelight:fried_egg":1,"minecraft:cooked_mutton":12,"minecraft:water_bucket":66,"minecraft:amethyst_block":60,"minecraft:cobblestone_stairs":170,"minecraft:birch_boat":2,"farmersdelight:onion":5,"minecraft:crafting_table":24,"minecraft:white_bed":9,"tombstone:bag_of_seeds":2,"minecraft:diamond_pickaxe":36,"minecraft:iron_pickaxe":2549,"minecraft:stone_axe":89,"minecraft:cobblestone":568,"minecraft:cooked_porkchop":5,"minecraft:bucket":87,"alexsmobs:animal_dictionary":12,"minecraft:dandelion":1},"minecraft:dropped":{"minecraft:iron_sword":7,"minecraft:birch_planks":4,"minecraft:lapis_lazuli":1,"minecraft:glass_bottle":2,"minecraft:diamond":2,"alexsmobs:bison_fur":1,"minecraft:cobblestone_stairs":23,"minecraft:dirt":4,"minecraft:mutton":1,"neapolitan:strawberries":2,"farmersdelight:cooked_mutton_chops":5,"alexsmobs:emu_feather":2,"minecraft:gold_nugget":2,"alexscaves:cave_map":5,"minecraft:amethyst_shard":11,"minecraft:iron_pickaxe":9,"alexsmobs:raccoon_tail":1,"farmersdelight:mutton_chops":2,"minecraft:oak_door":1,"minecraft:gravel":36,"minecraft:stone_axe":2,"alexsmobs:gazelle_horn":2,"minecraft:iron_nugget":6,"alexsmobs:animal_dictionary":1,"minecraft:cobbled_deepslate":240,"alexscaves:cave_tablet":1,"minecraft:obsidian":1,"minecraft:rotten_flesh":14,"minecraft:oak_planks":3,"supplementaries:ash":31,"minecraft:gunpowder":1,"minecraft:arrow":14,"minecraft:oak_leaves":2,"minecraft:netherrack":3,"minecraft:water_bucket":1,"minecraft:iron_ingot":10,"minecraft:bread":91,"minecraft:wheat_seeds":14,"minecraft:mossy_cobblestone":1,"minecraft:feather":3,"minecraft:iron_helmet":1,"minecraft:cobblestone":82,"minecraft:amethyst_block":7,"minecraft:grass_block":1,"minecraft:coal":2,"minecraft:stick":3,"minecraft:diorite":90,"minecraft:torch":56,"upgrade_aquatic:river_planks":2,"minecraft:zombie_head":1,"minecraft:iron_leggings":1,"minecraft:white_banner":1,"minecraft:paper":6,"minecraft:string":3,"minecraft:bucket":1,"minecraft:redstone_block":3,"minecraft:dandelion":1,"minecraft:redstone":8,"minecraft:cocoa_beans":3,"minecraft:raw_copper":8,"minecraft:tuff":17,"minecraft:raw_iron":1,"minecraft:chicken":1,"minecraft:iron_boots":1,"minecraft:torchflower_seeds":1,"minecraft:flint_and_steel":2,"securitycraft:universal_block_remover":2,"minecraft:shield":1,"minecraft:allium":2,"alexsmobs:cockroach_wing_fragment":1,"minecraft:iron_chestplate":1,"minecraft:diamond_pickaxe":1,"minecraft:andesite":36,"minecraft:oak_sapling":1,"farmersdelight:minced_beef":5,"minecraft:stone_pickaxe":2,"minecraft:wooden_pickaxe":1},"minecraft:killed_by":{"minecraft:creeper":1,"alexsmobs:crocodile":1,"minecraft:zombie":1},"minecraft:mined":{"minecraft:white_bed":7,"minecraft:cobblestone_stairs":14,"minecraft:brewing_stand":1,"minecraft:obsidian":13,"minecraft:granite":87,"minecraft:budding_amethyst":2,"minecraft:grass_block":101,"minecraft:jungle_log":7,"upgrade_aquatic:mulberry_vine":2,"minecraft:iron_ore":74,"minecraft:cobbled_deepslate":99,"minecraft:fire":142,"minecraft:pumpkin":1,"minecraft:deepslate_lapis_ore":21,"minecraft:pointed_dripstone":1,"minecraft:dirt_path":7,"upgrade_aquatic:pickerelweed":2,"minecraft:deepslate_redstone_ore":37,"minecraft:medium_amethyst_bud":1,"minecraft:amethyst_cluster":3,"minecraft:torch":7,"minecraft:blast_furnace":1,"minecraft:calcite":3,"minecraft:chest":1,"minecraft:cobblestone":72,"minecraft:oak_planks":11,"minecraft:wall_torch":41,"minecraft:amethyst_block":90,"minecraft:deepslate_copper_ore":3,"minecraft:birch_log":6,"minecraft:grass":69,"minecraft:oak_log":42,"minecraft:oak_fence_gate":1,"minecraft:sand":22,"minecraft:dirt":62,"minecraft:stonecutter":1,"minecraft:netherrack":7,"minecraft:oak_leaves":23,"minecraft:deepslate":907,"alexscaves:spelunkery_table":1,"minecraft:tuff":29,"upgrade_aquatic:river_log":4,"minecraft:mossy_cobblestone":1,"minecraft:deepslate_diamond_ore":7,"minecraft:candle":1,"minecraft:oak_door":1,"minecraft:glow_lichen":1,"minecraft:hay_block":63,"farmersdelight:wild_onions":2,"minecraft:furnace":3,"minecraft:andesite":60,"minecraft:deepslate_iron_ore":81,"minecraft:vine":2,"upgrade_aquatic:tall_pickerelweed":3,"minecraft:stone":827,"upgrade_aquatic:river_planks":4,"neapolitan:strawberry_bush":21,"minecraft:dandelion":2,"minecraft:oak_fence":2,"minecraft:crafting_table":16,"minecraft:tall_grass":13,"minecraft:lapis_ore":8,"minecraft:deepslate_gold_ore":24,"minecraft:diorite":143,"supplementaries:urn":5,"minecraft:birch_leaves":2,"minecraft:coal_ore":140,"minecraft:gravel":38,"minecraft:cobweb":6,"minecraft:gold_ore":9}},"DataVersion":3465}