{"stats":{"minecraft:killed":{"minecraft:cave_spider":1,"minecraft:spider":4,"minecraft:skeleton":16,"minecraft:chicken":3,"minecraft:pig":20,"minecraft:zombie_villager":1,"minecraft:creeper":5,"minecraft:sheep":6,"minecraft:zombie":28,"alexsmobs:fly":1,"minecraft:cow":6,"alexsmobs:crow":2,"minecraft:villager":1},"minecraft:mined":{"minecraft:large_amethyst_bud":2,"minecraft:white_bed":1,"farmersdelight:rich_soil":8,"supplementaries:candle_holder":1,"minecraft:grass_block":42,"minecraft:coal_block":2,"minecraft:raw_iron_block":1,"minecraft:cobbled_deepslate":15,"minecraft:iron_ore":26,"upgrade_aquatic:mulberry_vine":12,"minecraft:fire":7,"minecraft:brown_bed":15,"minecraft:dirt_path":1,"minecraft:deepslate_redstone_ore":9,"minecraft:amethyst_cluster":3,"minecraft:clay":23,"minecraft:torch":12,"minecraft:calcite":3,"minecraft:chest":2,"minecraft:glass":1,"minecraft:nether_quartz_ore":17,"minecraft:cobblestone":3,"minecraft:sugar_cane":20,"minecraft:oak_planks":4,"minecraft:wall_torch":14,"minecraft:amethyst_block":13,"farmersdelight:cutting_board":1,"minecraft:grass":50,"minecraft:oak_log":35,"minecraft:sand":25,"minecraft:dirt":18,"minecraft:smooth_basalt":2,"minecraft:netherrack":4,"minecraft:oak_leaves":3,"minecraft:deepslate":157,"alexscaves:spelunkery_table":1,"minecraft:tuff":15,"upgrade_aquatic:river_log":14,"minecraft:deepslate_diamond_ore":11,"minecraft:candle":9,"minecraft:oak_door":5,"farmersdelight:wild_carrots":2,"neapolitan:adzuki_sprouts":15,"minecraft:hay_block":5,"farmersdelight:wild_onions":2,"minecraft:furnace":1,"supplementaries:gunpowder":2,"minecraft:bookshelf":2,"minecraft:deepslate_iron_ore":59,"upgrade_aquatic:tall_pickerelweed":1,"minecraft:stripped_oak_log":52,"minecraft:stone":70,"neapolitan:strawberry_bush":76,"minecraft:oak_fence":1,"minecraft:crafting_table":10,"neapolitan:adzuki_soil":15,"minecraft:tall_grass":15,"minecraft:deepslate_gold_ore":8,"minecraft:diorite":3,"upgrade_aquatic:river_leaves":2,"supplementaries:urn":30,"farmersdelight:skillet":3,"minecraft:coarse_dirt":7,"minecraft:coal_ore":113,"minecraft:gravel":9,"farmersdelight:stove":3,"minecraft:cobweb":9},"minecraft:dropped":{"securitycraft:reinforced_stone_button":8,"farmersdelight:iron_knife":2,"farmersdelight:cooked_bacon":12,"minecraft:leather":7,"farmersdelight:beef_patty":13,"minecraft:dirt":1,"neapolitan:adzuki_beans":43,"alexscaves:cave_map":5,"minecraft:amethyst_shard":11,"minecraft:gold_ingot":1,"minecraft:iron_nugget":24,"minecraft:cobbled_deepslate":63,"alexscaves:cave_tablet":1,"minecraft:rotten_flesh":12,"minecraft:oak_planks":22,"supplementaries:flax_seeds":1,"supplementaries:ash":39,"minecraft:arrow":5,"neapolitan:banana_stalk":4,"minecraft:egg":1,"minecraft:bread":16,"minecraft:wheat_seeds":2,"minecraft:feather":4,"minecraft:cobblestone":2,"minecraft:coal":68,"minecraft:milk_bucket":1,"minecraft:torch":23,"tombstone:grave_dust":2,"minecraft:paper":5,"minecraft:string":10,"minecraft:redstone":10,"minecraft:coarse_dirt":6,"minecraft:raw_copper":5,"minecraft:tuff":55,"minecraft:flint_and_steel":1,"securitycraft:universal_block_remover":2,"minecraft:allium":4,"farmersdelight:fried_egg":4,"farmersdelight:minced_beef":5,"minecraft:spider_eye":1,"minecraft:bow":2,"minecraft:brick":1},"minecraft:broken":{"minecraft:iron_boots":1,"minecraft:iron_chestplate":1,"minecraft:iron_leggings":1,"minecraft:stone_axe":1,"minecraft:iron_pickaxe":2,"minecraft:iron_helmet":1},"minecraft:custom":{"minecraft:animals_bred":1,"minecraft:interact_with_crafting_table":94,"minecraft:open_barrel":15,"minecraft:leave_game":10,"minecraft:time_since_death":270642,"minecraft:sprint_one_cm":1043566,"minecraft:drop":80,"minecraft:talked_to_villager":8,"minecraft:play_time":407689,"minecraft:deaths":1,"minecraft:jump":5849,"minecraft:walk_on_water_one_cm":41204,"minecraft:interact_with_furnace":62,"minecraft:interact_with_loom":15,"minecraft:sleep_in_bed":21,"minecraft:damage_dealt":14070,"minecraft:crouch_one_cm":7959,"tombstone:undead_killed":45,"tombstone:villager_killed":1,"minecraft:mob_kills":96,"minecraft:climb_one_cm":3775,"minecraft:walk_one_cm":1022016,"minecraft:sneak_time":2703,"minecraft:walk_under_water_one_cm":39932,"minecraft:interact_with_blast_furnace":20,"minecraft:total_world_time":407689,"minecraft:interact_with_stonecutter":2,"minecraft:time_since_rest":1588,"minecraft:damage_taken":3217,"minecraft:swim_one_cm":62614,"minecraft:fly_one_cm":959571,"minecraft:open_chest":182,"minecraft:fall_one_cm":143200},"minecraft:crafted":{"minecraft:brick":44,"minecraft:oak_planks":328,"minecraft:stone":9,"securitycraft:keypad_item":1,"minecraft:heavy_weighted_pressure_plate":1,"securitycraft:laser_block":1,"minecraft:glass":14,"minecraft:iron_boots":1,"minecraft:chest":5,"minecraft:bricks":6,"farmersdelight:stove":1,"minecraft:oak_slab":36,"minecraft:wooden_shovel":1,"minecraft:crafting_table":5,"farmersdelight:iron_knife":1,"securitycraft:reinforced_stone_button":9,"minecraft:iron_helmet":1,"minecraft:campfire":1,"farmersdelight:skillet":1,"farmersdelight:bacon_and_eggs":4,"farmersdelight:cutting_board":2,"minecraft:iron_chestplate":1,"minecraft:paper":15,"minecraft:stick":60,"minecraft:iron_ingot":79,"minecraft:iron_pickaxe":2,"minecraft:shears":1,"securitycraft:universal_block_reinforcer_lvl1":1,"minecraft:oak_door":6,"minecraft:coal":9,"minecraft:raw_iron":18,"minecraft:spyglass":1,"minecraft:furnace":2,"minecraft:bone_meal":105,"alexscaves:cave_map":4,"minecraft:glass_pane":16,"minecraft:flint_and_steel":1,"minecraft:iron_axe":1,"securitycraft:universal_block_remover":1,"minecraft:iron_hoe":1,"minecraft:redstone_block":1,"minecraft:wheat":45,"minecraft:diamond_sword":1,"minecraft:bowl":4,"upgrade_aquatic:river_planks":56,"minecraft:bucket":1,"minecraft:bread":15,"minecraft:air":0,"minecraft:iron_shovel":1,"minecraft:iron_leggings":1,"minecraft:torch":136,"supplementaries:candle_holder":2},"minecraft:picked_up":{"minecraft:iron_chestplate":1,"alexscaves:cave_tablet":15,"minecraft:brown_bed":16,"minecraft:amethyst_block":15,"supplementaries:candle_holder":1,"farmersdelight:cutting_board":1,"minecraft:string":22,"minecraft:raw_copper":9,"minecraft:iron_leggings":1,"upgrade_aquatic:river_sapling":10,"upgrade_aquatic:river_log":14,"minecraft:cobbled_deepslate":211,"minecraft:bucket":1,"upgrade_aquatic:river_planks":2,"minecraft:iron_pickaxe":1,"minecraft:coal_block":2,"upgrade_aquatic:mulberry":18,"neapolitan:strawberry_pips":69,"minecraft:iron_boots":1,"minecraft:furnace":1,"minecraft:stick":3,"minecraft:oak_fence":3,"minecraft:torch":80,"minecraft:porkchop":42,"minecraft:pointed_dripstone":10,"tombstone:grave_dust":4,"farmersdelight:chicken_cuts":6,"farmersdelight:fried_egg":17,"minecraft:rotten_flesh":23,"farmersdelight:onion":2,"supplementaries:antique_ink":3,"farmersdelight:rope":1,"supplementaries:ash":59,"minecraft:cobblestone":42,"minecraft:feather":4,"farmersdelight:bacon":32,"minecraft:flint":1,"minecraft:tuff":72,"supplementaries:flax_seeds":3,"farmersdelight:cooked_bacon":25,"minecraft:dirt":60,"farmersdelight:mutton_chops":10,"securitycraft:reinforced_stone_button":8,"securitycraft:reinforced_tuff":1,"minecraft:bone":54,"farmersdelight:iron_knife":2,"minecraft:stonecutter":1,"minecraft:bow":4,"minecraft:wheat_seeds":5,"minecraft:raw_gold":8,"minecraft:oak_planks":5,"minecraft:cooked_porkchop":23,"minecraft:sand":20,"securitycraft:reinforced_stone":9,"farmersdelight:ham":1,"alexsmobs:animal_dictionary":1,"farmersdelight:cooked_mutton_chops":5,"minecraft:mossy_cobblestone":1,"neapolitan:strawberries":3,"securitycraft:universal_block_remover":2,"minecraft:bundle":1,"minecraft:diamond":12,"minecraft:granite":1,"minecraft:bone_meal":3,"minecraft:bread":32,"minecraft:emerald":5,"alexsmobs:maggot":2,"minecraft:oak_sapling":3,"minecraft:netherrack":2,"minecraft:crafting_table":10,"minecraft:coarse_dirt":9,"minecraft:allium":4,"minecraft:chicken":3,"minecraft:clay_ball":92,"minecraft:brick":1,"minecraft:flint_and_steel":1,"farmersdelight:beef_patty":20,"minecraft:candle":26,"minecraft:beef":10,"upgrade_aquatic:pickerelweed":2,"minecraft:iron_nugget":24,"minecraft:light_gray_wool":1,"minecraft:chest":2,"minecraft:sugar_cane":36,"minecraft:egg":19,"minecraft:raw_iron":84,"minecraft:oak_door":7,"farmersdelight:minced_beef":25,"minecraft:carrot":2,"minecraft:redstone":40,"neapolitan:banana_stalk":4,"minecraft:arrow":21,"farmersdelight:cooked_chicken_cuts":6,"minecraft:hay_block":5,"alexscaves:spelunkery_table":1,"minecraft:white_wool":4,"minecraft:mutton":10,"minecraft:rail":5,"minecraft:stripped_oak_log":52,"farmersdelight:rich_soil":8,"minecraft:glow_ink_sac":3,"minecraft:leather":7,"minecraft:red_mushroom":5,"minecraft:oak_log":36,"minecraft:gunpowder":6,"farmersdelight:skillet":3,"minecraft:paper":15,"minecraft:white_banner":1,"tombstone:gift":1,"minecraft:cooked_mutton":5,"neapolitan:adzuki_beans":43,"minecraft:iron_ingot":3,"minecraft:book":6,"minecraft:quartz":16,"minecraft:dripstone_block":8,"minecraft:raw_iron_block":1,"minecraft:gravel":10,"minecraft:amethyst_shard":12,"minecraft:white_bed":1,"minecraft:spider_eye":2,"minecraft:pumpkin_seeds":3,"minecraft:stone_axe":1,"minecraft:iron_helmet":1,"alexscaves:cave_map":5,"tombstone:magic_scroll":1,"minecraft:coal":112,"farmersdelight:stove":3},"minecraft:used":{"neapolitan:strawberries":2,"minecraft:iron_shovel":79,"minecraft:chest":7,"farmersdelight:stove":4,"securitycraft:keypad_item":1,"minecraft:tuff":1,"minecraft:glass":7,"minecraft:lava_bucket":18,"minecraft:iron_helmet":1,"farmersdelight:cutting_board":3,"supplementaries:ash":6,"minecraft:furnace":3,"minecraft:oak_sapling":3,"upgrade_aquatic:mulberry":22,"minecraft:oak_planks":73,"minecraft:sugar_cane":21,"supplementaries:candle_holder":3,"upgrade_aquatic:river_sapling":10,"upgrade_aquatic:pickerelweed":2,"minecraft:bread":35,"farmersdelight:cooked_chicken_cuts":6,"minecraft:diamond_sword":249,"minecraft:coarse_dirt":1,"minecraft:bone_meal":37,"minecraft:flint_and_steel":6,"farmersdelight:rich_soil":8,"minecraft:wooden_shovel":8,"minecraft:netherrack":1,"minecraft:oak_door":9,"minecraft:torch":139,"minecraft:dirt":2,"minecraft:spyglass":17,"farmersdelight:beef_patty":7,"farmersdelight:rope":33,"minecraft:iron_axe":127,"minecraft:iron_boots":1,"minecraft:gunpowder":2,"neapolitan:strawberry_pips":2,"tombstone:gift":3,"farmersdelight:cooked_mutton_chops":5,"minecraft:cobbled_deepslate":103,"minecraft:iron_leggings":1,"farmersdelight:fried_egg":5,"minecraft:brown_bed":16,"minecraft:cooked_mutton":3,"farmersdelight:iron_knife":23,"minecraft:water_bucket":24,"minecraft:amethyst_block":7,"farmersdelight:skillet":9,"minecraft:oak_slab":36,"minecraft:crafting_table":14,"minecraft:red_mushroom":5,"minecraft:white_bed":1,"minecraft:oak_log":3,"farmersdelight:bacon_and_eggs":4,"minecraft:iron_pickaxe":584,"minecraft:stone_axe":36,"farmersdelight:cooked_bacon":5,"minecraft:cobblestone":1,"minecraft:white_banner":1,"minecraft:cooked_porkchop":10,"minecraft:bucket":42,"alexsmobs:animal_dictionary":1,"minecraft:candle":10}},"DataVersion":3465}